{
  "source": {
    "environment": "dev",
    "analyzed": "2025-08-07T00:47:51.307Z",
    "clientExists": true,
    "documentCounts": {
      "categories": 26,
      "config": 2,
      "importMetadata": 526,
      "paymentMethods": 7,
      "transactions": 449,
      "units": 10,
      "units/dues": 10,
      "vendors": 24,
      "yearEndBalances": 1,
      "accounts": 2
    },
    "financialSummary": {
      "accountCount": 2,
      "accountBalances": {
        "bank-001": {
          "name": "MTC Bank",
          "balance": 33328818
        },
        "cash-001": {
          "name": "Cash Account",
          "balance": 8094594
        }
      },
      "totalBalance": 41423412,
      "transactionCount": 449,
      "transactionTotal": 296381903
    },
    "dataIntegrity": {
      "duesWithReferences": 77,
      "totalDuesPayments": 77
    },
    "users": [],
    "discoveredCollections": [
      "categories",
      "config",
      "importMetadata",
      "paymentMethods",
      "transactions",
      "units",
      "vendors",
      "yearEndBalances"
    ],
    "configuration": {
      "fiscalYearStartMonth": 1,
      "currency": "MXN",
      "timezone": "America/Cancun"
    },
    "totalDocuments": 1058
  },
  "export": {
    "timestamp": "2025-08-07T00:47:57.336Z",
    "documentCount": 1477,
    "subcollectionCounts": {
      "categories": 26,
      "config": 2,
      "importMetadata": 526,
      "paymentMethods": 7,
      "transactions": 449,
      "units": 10,
      "units/1A/dues": 1,
      "units/1B/dues": 1,
      "units/1C/dues": 1,
      "units/2A/dues": 1,
      "units/2B/dues": 1,
      "units/2C/dues": 1,
      "units/PH1A/dues": 1,
      "units/PH2B/dues": 1,
      "units/PH3C/dues": 1,
      "units/PH4D/dues": 1,
      "vendors": 24,
      "yearEndBalances": 1,
      "auditLogs": 421
    },
    "userCount": 10,
    "auditLogCount": 421,
    "discoveredCollections": [
      "categories",
      "config",
      "importMetadata",
      "paymentMethods",
      "transactions",
      "units",
      "vendors",
      "yearEndBalances"
    ],
    "nestedCollections": [
      "units/1A/dues",
      "units/1B/dues",
      "units/1C/dues",
      "units/2A/dues",
      "units/2B/dues",
      "units/2C/dues",
      "units/PH1A/dues",
      "units/PH2B/dues",
      "units/PH3C/dues",
      "units/PH4D/dues"
    ]
  },
  "import": {
    "timestamp": "2025-08-07T00:56:23.360Z",
    "documentCount": 1056,
    "userCount": 10
  },
  "target": {
    "environment": "prod",
    "analyzed": "2025-08-07T00:56:29.368Z",
    "clientExists": true,
    "documentCounts": {
      "units": 10,
      "vendors": 24,
      "categories": 26,
      "paymentMethods": 7,
      "users": 0,
      "yearEndBalances": 1,
      "auditLogs": 0,
      "importMetadata": 526,
      "transactions": 449,
      "config": 2,
      "accounts": 2,
      "units/dues": 10
    },
    "financialSummary": {
      "accountCount": 2,
      "accountBalances": {
        "bank-001": {
          "name": "MTC Bank",
          "balance": 33328818
        },
        "cash-001": {
          "name": "Cash Account",
          "balance": 8094594
        }
      },
      "totalBalance": 41423412,
      "transactionCount": 449,
      "transactionTotal": 296381903
    },
    "dataIntegrity": {
      "duesWithReferences": 77,
      "totalDuesPayments": 77
    },
    "users": [],
    "configuration": {
      "fiscalYearStartMonth": 1,
      "currency": "MXN",
      "timezone": "America/Cancun"
    },
    "totalDocuments": 1058
  }
}