{
  "client": "MTC",
  "migrationId": "MTC-2025-08-07-00-47-51-205",
  "source": "dev",
  "target": "prod",
  "started": "2025-08-07T00:47:51.207Z",
  "completed": "2025-08-07T00:56:33.133Z",
  "status": "completed",
  "phases": {
    "selectivePurge": {
      "status": "completed",
      "timestamp": "2025-09-29T22:30:23.997Z",
      "collections": [
        "transactions",
        "hoadues",
        "units"
      ],
      "documentsDeleted": 476
    }
  },
  "files": {
    "metadata": "metadata.json",
    "devExport": "dev-export.json",
    "prodBackup": "prod-backup.json",
    "userMapping": "user-mapping.json",
    "checksums": "checksums.json",
    "verificationReport": "verification-report.txt",
    "migrationLog": "migration.log"
  },
  "notes": []
}