{
  "timestamp": "2025-08-07T00:52:32.756Z",
  "clientId": "MTC",
  "users": [
    {
      "email": "mandmgarcia@hotmail.co.uk",
      "displayName": "Malena Garcia Reyes",
      "devUid": "EP53s9YqniToGPNFLspdw8ajZFm1",
      "prodUid": "b8W73si92Pc4zXFT4YEzeJ6y4hl2",
      "exists": true
    },
    {
      "email": "leekopeika1957@gmail.com",
      "displayName": "Lee Kopeika",
      "devUid": "KJldIrdLj3VcNJaMtQEG6KenavY2",
      "prodUid": "aruZngYiR8cwerQdhjAUWcEP0JT2",
      "exists": true
    },
    {
      "email": "meifler@gmail.com",
      "displayName": "Mark Eifler",
      "devUid": "NJ1pQgCfhickBjTcOyuxA41AFyk2",
      "prodUid": "oF6YAY7xZ2ToFCxoruYowcyFkX42",
      "exists": true
    },
    {
      "email": "michelekinnon67@gmail.com",
      "displayName": "Michele Kinnon",
      "devUid": "Vh3mR7k7BAMOGH0PodiHgdmEqJr1",
      "prodUid": "pFfQGlhorcPkCYxAgwvY4oGdxIG2",
      "exists": true
    },
    {
      "email": "pyrojim1961@gmail.com",
      "displayName": "Jim Harting",
      "devUid": "VqzzpNY0qXa3fAj6YtIbU9ru2na2",
      "prodUid": "OcMyJ3i7g9TGiD8WcgvN6GpAlYv1",
      "exists": true
    },
    {
      "email": "ms@landesman.com",
      "displayName": "Michael Landesman",
      "devUid": "YHk0uE4Qha5XQrBss1Yw",
      "prodUid": "ZUp8m2ELKSZij0krieitH6OSsuJ2",
      "exists": true
    },
    {
      "email": "cfbestfriends@gmail.com",
      "displayName": "Cindy Friend",
      "devUid": "fYn3Fzok5YdtEvxU8j9YsM2gpSZ2",
      "prodUid": "SgKeyLlSY9RxDnBaMXZ0rgXole53",
      "exists": true
    },
    {
      "email": "robert.rosania@sbcglobal.net",
      "displayName": "Robert Rosania",
      "devUid": "jcxseXwMYQeAzKPIVK6SRLEm7MY2",
      "prodUid": "JKAeyYz4tHUiWJboSCoh9O7Zlcg2",
      "exists": true
    },
    {
      "email": "patsy.ffexpress@gmail.com",
      "displayName": "Patsy Fletcher",
      "devUid": "sSJAhOqutrePvhT04F19Gtt9I072",
      "prodUid": "nkGENVYBkVPAt8ujbIqn0RtNn6f2",
      "exists": true
    },
    {
      "email": "gluchows@gmail.com",
      "displayName": "Josh Gluchowski",
      "devUid": "uB7ElDF3kEdq1RhdV3x8QMybfS52",
      "prodUid": "FrbydgE730TF7No0V7LiFwq9iir2",
      "exists": true
    }
  ]
}