{
  "timestamp": "2025-08-07T00:52:32.757Z",
  "warning": "TEMPORARY PASSWORDS - Share securely and require password change on first login",
  "users": [
    {
      "email": "mandmgarcia@hotmail.co.uk",
      "uid": "b8W73si92Pc4zXFT4YEzeJ6y4hl2",
      "tempPassword": "x7agA!4^c@52"
    },
    {
      "email": "leekopeika1957@gmail.com",
      "uid": "aruZngYiR8cwerQdhjAUWcEP0JT2",
      "tempPassword": "2!RAqChKEpak"
    },
    {
      "email": "meifler@gmail.com",
      "uid": "oF6YAY7xZ2ToFCxoruYowcyFkX42",
      "tempPassword": "Bb!eD29aAsVE"
    },
    {
      "email": "michelekinnon67@gmail.com",
      "uid": "pFfQGlhorcPkCYxAgwvY4oGdxIG2",
      "tempPassword": "A$aa2kD!wy!2"
    },
    {
      "email": "pyrojim1961@gmail.com",
      "uid": "OcMyJ3i7g9TGiD8WcgvN6GpAlYv1",
      "tempPassword": "AAdS!Nvxaa2u"
    },
    {
      "email": "ms@landesman.com",
      "uid": "ZUp8m2ELKSZij0krieitH6OSsuJ2",
      "tempPassword": "VCHAgma2x5!h"
    },
    {
      "email": "cfbestfriends@gmail.com",
      "uid": "SgKeyLlSY9RxDnBaMXZ0rgXole53",
      "tempPassword": "A86mH^aCY!X2"
    },
    {
      "email": "robert.rosania@sbcglobal.net",
      "uid": "JKAeyYz4tHUiWJboSCoh9O7Zlcg2",
      "tempPassword": "TBa!BvN!k*A2"
    },
    {
      "email": "patsy.ffexpress@gmail.com",
      "uid": "nkGENVYBkVPAt8ujbIqn0RtNn6f2",
      "tempPassword": "5PAjZ!za%2bE"
    },
    {
      "email": "gluchows@gmail.com",
      "uid": "FrbydgE730TF7No0V7LiFwq9iir2",
      "tempPassword": "!A%qaUHEu2n#"
    }
  ]
}