{
  "accounts": [
    {
      "active": true,
      "balance": 0,
      "currency": "MXN",
      "id": "bank-001",
      "lastRebuildSnapshot": "2024-12-31",
      "name": "PRIMARY_BANK_NAME",
      "type": "bank"
    },
    {
      "active": true,
      "balance": 0,
      "currency": "MXN",
      "id": "cash-001",
      "lastRebuildSnapshot": "2024-12-31",
      "name": "Cash Account",
      "type": "cash"
    }
  ],
  "basicInfo": {
    "clientId": "CLIENT_ID",
    "clientType": "HOA",
    "description": "Beachfront condominiums in CITY_NAME",
    "displayName": "CLIENT_DISPLAY_NAME",
    "fullName": "CLIENT_FULL_NAME",
    "legalType": "AC",
    "taxId": "CLIENT_TAX_ID"
  },
  "branding": {
    "brandColors": {
      "accent": "#10b981",
      "danger": "#ef4444",
      "primary": "#2563eb",
      "secondary": "#64748b",
      "success": "#22c55e"
    },
    "customCSS": null,
    "iconUrl": "",
    "logoUrl": ""
  },
  "clientId": "CLIENT_ID",
  "configuration": {
    "accountingMethod": "cash",
    "currency": "MXN",
    "dateFormat": "DD/MM/YYYY",
    "fiscalYearStart": "january",
    "language": "en",
    "locale": "en-US",
    "timezone": "America/Cancun"
  },
  "contactInfo": {
    "address": {
      "city": "CITY_NAME",
      "country": "MX",
      "postalCode": "POSTAL_CODE",
      "state": "QR",
      "street": "STREET_ADDRESS"
    },
    "alternatePhone": null,
    "mailingAddress": null,
    "phone": "PHONE_NUMBER",
    "primaryEmail": "PRIMARY_EMAIL",
    "secondaryEmail": null,
    "website": null
  },
  "documents": {
    "bylaws": null,
    "ccrs": null,
    "contracts": [],
    "financialReports": [],
    "insurancePolicies": [],
    "meetingMinutes": []
  },
  "emergencyContacts": [],
  "feeStructure": {
    "bankDetails": {
      "accountName": "CLIENT_FULL_NAME",
      "bankName": "PRIMARY_BANK_NAME",
      "clabe": "CLABE_NUMBER",
      "reference": "Unit number",
      "swiftCode": ""
    },
    "duesFrequency": "monthly",
    "lateFeePolicy": {
      "gracePeriodDays": 10,
      "interestRate": 0,
      "lateFeeAmount": 0,
      "lateFeePercent": 0
    },
    "paymentMethods": ["transfer", "cash", "check"],
    "specialAssessments": []
  },
  "governance": {
    "boardMembers": [],
    "committees": [],
    "managementCompany": {
      "contact": "PROPERTY_MANAGER_NAME",
      "email": "pm@sandyland.com.mx",
      "name": "Sandyland Properties",
      "phone": "+52 984-178-0331"
    },
    "meetingSchedule": {
      "annualMeeting": "March",
      "boardMeetings": "Monthly",
      "dayOfMonth": 15
    }
  },
  "propertyInfo": {
    "amenities": [],
    "buildings": 1,
    "commonAreas": [],
    "parkingSpaces": {
      "assigned": 0,
      "guest": 0,
      "total": 0
    },
    "propertyType": "Condominium",
    "totalUnits": 0,
    "yearBuilt": 2000
  },
  "status": "active"
}