{
  "activities": {
    "menu": [
      {
        "label": "Dashboard",
        "activity": "Dashboard"
      },
      {
        "label": "Transactions",
        "activity": "Transactions"
      },
      {
        "label": "HOA Dues",
        "activity": "HOADues"
      },
      {
        "label": "Projects",
        "activity": "Projects"
      },
      {
        "label": "Budgets",
        "activity": "Budgets"
      },
      {
        "label": "List Management",
        "activity": "ListManagement"
      },
      {
        "label": "Settings",
        "activity": "Settings"
      }
    ]
  },
  "receiptEmail": {
    "ccList": [],
    "footerText": "If you have any questions about this receipt, please contact us.",
    "fromEmail": "CLIENT_EMAIL",
    "fromName": "CLIENT_FULL_NAME",
    "headerText": "Thank you for your payment!",
    "includeReceiptImage": true,
    "includeSummaryReport": true,
    "logoUrl": "",
    "primaryColor": "#2C3E50",
    "replyTo": "CLIENT_EMAIL",
    "signature": {
      "address": "CLIENT_ADDRESS",
      "company": "MANAGEMENT_COMPANY_NAME",
      "email": "PROPERTY_MANAGER_EMAIL",
      "name": "PROPERTY_MANAGER_NAME",
      "phone": "PROPERTY_MANAGER_PHONE",
      "title": "Property Manager"
    },
    "subject": "CLIENT_SHORT_NAME Payment Receipt"
  }
}