{
  "_documentId": "MTC",
  "basicInfo": {
    "clientId": "MTC",
    "fullName": "Marina Turquesa Condominiums A.C.",
    "displayName": "MTC",
    "clientType": "HOA",
    "legalType": "AC",
    "taxId": "MTC123456789",
    "description": "Luxury beachfront condominiums in Puerto Aventuras",
    "established": {
      "_seconds": 1753912730,
      "_nanoseconds": 559000000
    }
  },
  "contactInfo": {
    "primaryEmail": "pm@sandyland.com.mx",
    "secondaryEmail": "admin@mtc.com.mx",
    "phone": "+52 984-178-0331",
    "alternatePhone": null,
    "address": {
      "street": "Mza 20 Lote 12-13 Privada Xel-ha",
      "city": "Puerto Aventuras",
      "state": "QR",
      "postalCode": "77733",
      "country": "MX"
    },
    "mailingAddress": null,
    "website": "https://mtc.sandyland.com.mx"
  },
  "propertyInfo": {
    "totalUnits": 24,
    "buildings": 2,
    "yearBuilt": 2005,
    "propertyType": "Highrise",
    "amenities": [
      "Pool",
      "Beach Access",
      "Gym",
      "Security",
      "Parking"
    ],
    "commonAreas": [
      {
        "name": "Pool Area",
        "description": "Infinity pool with ocean view",
        "maintenanceSchedule": "Weekly"
      },
      {
        "name": "Beach Access",
        "description": "Private beach area with palapas",
        "maintenanceSchedule": "Daily"
      },
      {
        "name": "Gym",
        "description": "Fully equipped fitness center",
        "maintenanceSchedule": "Daily"
      }
    ],
    "parkingSpaces": {
      "total": 48,
      "guest": 6,
      "assigned": 42
    }
  },
  "branding": {
    "logoUrl": "https://storage.googleapis.com/sandyland-management-system.firebasestorage.app/logos/MTC/logo.png",
    "iconUrl": "https://storage.googleapis.com/sandyland-management-system.firebasestorage.app/icons/MTC/icon.png",
    "brandColors": {
      "primary": "#2563eb",
      "secondary": "#64748b",
      "accent": "#10b981",
      "danger": "#ef4444",
      "success": "#22c55e"
    },
    "customCSS": null
  },
  "configuration": {
    "timezone": "America/Cancun",
    "currency": "MXN",
    "language": "en",
    "locale": "en-US",
    "dateFormat": "DD/MM/YYYY",
    "fiscalYearStart": "january",
    "accountingMethod": "cash"
  },
  "governance": {
    "boardMembers": [
      {
        "name": "John Smith",
        "position": "President",
        "email": "president@mtc.com.mx",
        "phone": "+521234567890",
        "termStart": {
          "_seconds": 1753912730,
          "_nanoseconds": 559000000
        },
        "termEnd": {
          "_seconds": 1753912730,
          "_nanoseconds": 559000000
        },
        "isPrimary": true
      },
      {
        "name": "Jane Doe",
        "position": "Treasurer",
        "email": "treasurer@mtc.com.mx",
        "phone": "+521234567891",
        "termStart": {
          "_seconds": 1753912730,
          "_nanoseconds": 559000000
        },
        "termEnd": {
          "_seconds": 1753912730,
          "_nanoseconds": 559000000
        },
        "isPrimary": false
      }
    ],
    "committees": [
      {
        "name": "Finance",
        "chair": "Jane Doe",
        "members": [
          "John Smith",
          "Bob Wilson"
        ]
      },
      {
        "name": "Maintenance",
        "chair": "Bob Wilson",
        "members": [
          "Jane Doe",
          "Alice Brown"
        ]
      }
    ],
    "meetingSchedule": {
      "annualMeeting": "March",
      "boardMeetings": "Monthly",
      "dayOfMonth": 15
    },
    "managementCompany": {
      "name": "Sandyland Properties",
      "contact": "Michael Landesman",
      "email": "pm@sandyland.com.mx",
      "phone": "+52 984-178-0331",
      "contractEnd": {
        "_seconds": 1753912730,
        "_nanoseconds": 560000000
      }
    }
  },
  "feeStructure": {
    "duesFrequency": "monthly",
    "lateFeePolicy": {
      "gracePeriodDays": 10,
      "lateFeeAmount": 50000,
      "lateFeePercent": 0,
      "interestRate": 0
    },
    "specialAssessments": [],
    "paymentMethods": [
      "transfer",
      "cash",
      "check"
    ],
    "bankDetails": {
      "bankName": "CiBanco",
      "accountName": "Marina Turquesa Condominiums A.C.",
      "clabe": "123456789012345678",
      "swiftCode": "CIBAMXMM",
      "reference": "Unit number"
    }
  },
  "documents": {
    "bylaws": null,
    "ccrs": null,
    "insurancePolicies": [],
    "contracts": [],
    "financialReports": [],
    "meetingMinutes": []
  },
  "emergencyContacts": [
    {
      "type": "Security",
      "name": "Puerto Aventuras Security",
      "phone": "+52 984-873-5000",
      "alternatePhone": null,
      "email": "security@puertoaventuras.com",
      "available": "24/7",
      "notes": "Main gate security"
    },
    {
      "type": "Maintenance",
      "name": "MTC Maintenance",
      "phone": "+52 984-123-4567",
      "alternatePhone": null,
      "email": "maintenance@mtc.com.mx",
      "available": "Business Hours",
      "notes": "Building maintenance team"
    }
  ],
  "status": "active",
  "lastBalanceRebuildSource": "2024 year-end snapshot",
  "accounts": [
    {
      "id": "bank-001",
      "name": "MTC Bank",
      "type": "bank",
      "currency": "USD",
      "balance": 14828793,
      "active": true,
      "updated": {
        "_seconds": 1753913164,
        "_nanoseconds": 903000000
      },
      "lastRebuildSnapshot": "2024-12-31"
    },
    {
      "id": "cash-001",
      "name": "Cash Account",
      "type": "cash",
      "currency": "USD",
      "balance": 578000,
      "active": true,
      "updated": {
        "_seconds": 1753920000,
        "_nanoseconds": 0
      },
      "lastRebuildSnapshot": "2024-12-31"
    }
  ],
  "lastBalanceRebuild": {
    "_seconds": 1753914174,
    "_nanoseconds": 77000000
  },
  "_config": {
    "activities": {
      "menu": [
        {
          "label": "Dashboard",
          "activity": "Dashboard"
        },
        {
          "label": "Transactions",
          "activity": "Transactions"
        },
        {
          "label": "HOA Dues",
          "activity": "HOADues"
        },
        {
          "label": "Projects",
          "activity": "Projects"
        },
        {
          "label": "Budgets",
          "activity": "Budgets"
        },
        {
          "label": "List Management",
          "activity": "ListManagement"
        },
        {
          "label": "Settings",
          "activity": "Settings"
        }
      ],
      "updatedAt": {
        "_seconds": 1753912733,
        "_nanoseconds": 670000000
      },
      "updatedBy": "setup-client-config"
    },
    "receiptEmail": {
      "ccList": [],
      "footerText": "If you have any questions about this receipt, please contact us.",
      "includeReceiptImage": true,
      "primaryColor": "#2C3E50",
      "logoUrl": "",
      "updated": {
        "_seconds": 1753912733,
        "_nanoseconds": 762000000
      },
      "fromEmail": "pm@sandyland.com.mx",
      "fromName": "MTC Property Management",
      "headerText": "Thank you for your payment!",
      "includeSummaryReport": true,
      "replyTo": "pm@sandyland.com.mx",
      "signature": {
        "title": "Property Manager",
        "email": "marissa@mtcpropertiesmanagement.com",
        "company": "Sandyland Properties",
        "name": "Sandra Landesman",
        "phone": "+52 994 238 8224",
        "address": "Puerto Aventuras, Quintana Roo, Mêxico"
      },
      "subject": "MTC Payment Receipt"
    }
  }
}