[
  {
    "Vendor": "Account Credit",
    "Category": "Account Credit"
  },
  {
    "Vendor": "Colonos",
    "Category": "Colonos Fee"
  },
  {
    "Vendor": "HOA",
    "Category": "HOA Dues"
  },
  {
    "Vendor": "Jorge Juan",
    "Category": "Maintenance: General"
  },
  {
    "Vendor": "Omar Peña",
    "Category": "Maintenance: General"
  },
  {
    "Vendor": "Pool",
    "Category": "Maintenance: Pool"
  },
  {
    "Vendor": "Supplies",
    "Category": "Maintenance: Supplies"
  },
  {
    "Vendor": "Administration Fee",
    "Category": "Staff: Administrators"
  },
  {
    "Vendor": "Sergio",
    "Category": "Services: Maintenance Staff"
  },
  {
    "Vendor": "Security",
    "Category": "Services: Security"
  },
  {
    "Vendor": "Assessment",
    "Category": "Special Assessments"
  },
  {
    "Vendor": "CFE",
    "Category": "Utilities: CFE"
  },
  {
    "Vendor": "Aquas del Caribe",
    "Category": "Utilities: Water"
  },
  {
    "Vendor": "Transfers",
    "Category": "Transfer Cash to Bank"
  }
]