[
  {
    "Categories": "HOA Dues"
  },
  {
    "Categories": "Account Credit"
  },
  {
    "Categories": "Special Assessments"
  },
  {
    "Categories": "Colonos Fee"
  },
  {
    "Categories": "Maintenance: Elevator"
  },
  {
    "Categories": "Maintenance: General"
  },
  {
    "Categories": "Maintenance: Landscaping"
  },
  {
    "Categories": "Maintenance: Paint & Repairs"
  },
  {
    "Categories": "Maintenance: Plumbing & Electrical"
  },
  {
    "Categories": "Maintenance: Pool"
  },
  {
    "Categories": "Maintenance: Security"
  },
  {
    "Categories": "Maintenance: Supplies"
  },
  {
    "Categories": "Staff: Administrators"
  },
  {
    "Categories": "Other"
  },
  {
    "Categories": "Projects: Elevator Refurb 2023"
  },
  {
    "Categories": "Projects: Meters & Wiring"
  },
  {
    "Categories": "Projects: Parking Lot Expansion"
  },
  {
    "Categories": "Projects: Roof Sealing"
  },
  {
    "Categories": "Projects: Propane Lines"
  },
  {
    "Categories": "Projects: Column Repairs"
  },
  {
    "Categories": "Services: Fumigation"
  },
  {
    "Categories": "Staff: Maintenance Staff"
  },
  {
    "Categories": "Transfers"
  },
  {
    "Categories": "Utilities: CFE"
  },
  {
    "Categories": "Utilities: Water"
  },
  {
    "Categories": "Bank Adjustments"
  }
]