{
  "generated": "2025-10-06T22:06:47.310Z",
  "totalRecords": 51,
  "bySequence": {
    "25006": {
      "transactionId": "2024-10-23_171001_938",
      "unitId": "PH2B (Rosania)",
      "amount": 14000,
      "date": "2024-10-23T10:35:30.626Z"
    },
    "25007": {
      "transactionId": "2024-12-18_171029_412",
      "unitId": "PH2B (Rosania)",
      "amount": 2900,
      "date": "2024-12-18T05:00:00.000Z"
    },
    "25008": {
      "transactionId": "2024-12-26_171031_737",
      "unitId": "2C (Kopeika)",
      "amount": 13188,
      "date": "2024-12-26T05:00:00.000Z"
    },
    "25009": {
      "transactionId": "2024-12-27_171037_019",
      "unitId": "PH4D (Landesman)",
      "amount": 17400,
      "date": "2024-12-27T21:27:51.922Z"
    },
    "25010": {
      "transactionId": "2024-12-28_171037_783",
      "unitId": "1A (Fletcher)",
      "amount": 15000,
      "date": "2024-12-28T18:56:51.999Z"
    },
    "25014": {
      "transactionId": "2025-01-01_171038_532",
      "unitId": "PH1A (Gluchowski)",
      "amount": 36000,
      "date": "2025-01-01T00:52:34.948Z"
    },
    "25016": {
      "transactionId": "2025-01-01_171039_273",
      "unitId": "1C (Eifler)",
      "amount": 25800,
      "date": "2025-01-01T01:30:09.300Z"
    },
    "25017": {
      "transactionId": "2025-01-01_171040_020",
      "unitId": "1C (Eifler)",
      "amount": 600,
      "date": "2025-01-01T01:44:33.622Z"
    },
    "25018": {
      "transactionId": "2025-01-01_171040_749",
      "unitId": "PH4D (Landesman)",
      "amount": 17400,
      "date": "2025-01-01T01:47:08.904Z"
    },
    "25019": {
      "transactionId": "2025-01-01_171041_496",
      "unitId": "PH2B (Rosania)",
      "amount": 17100,
      "date": "2025-01-01T21:06:19.029Z"
    },
    "25023": {
      "transactionId": "2025-01-04_171042_248",
      "unitId": "2A (Friend)",
      "amount": 4600,
      "date": "2025-01-04T15:44:48.852Z"
    },
    "25024": {
      "transactionId": "2025-01-04_171043_004",
      "unitId": "2B (Garcia Reyes)",
      "amount": 17600,
      "date": "2025-01-04T15:46:29.419Z"
    },
    "25026": {
      "transactionId": "2025-01-08_171046_064",
      "unitId": "1B (Kinnon)",
      "amount": 5000,
      "date": "2025-01-08T23:38:52.914Z"
    },
    "25027": {
      "transactionId": "2025-01-08_171046_829",
      "unitId": "PH3C (Harting)",
      "amount": 5800,
      "date": "2025-01-08T23:41:05.176Z"
    },
    "25028": {
      "transactionId": "2025-01-11_171049_220",
      "unitId": "2C (Kopeika)",
      "amount": 12,
      "date": "2025-01-11T15:22:17.859Z"
    },
    "25033": {
      "transactionId": "2025-02-03_171057_734",
      "unitId": "2A (Friend)",
      "amount": 9200,
      "date": "2025-02-03T21:21:01.691Z"
    },
    "25043": {
      "transactionId": "2025-02-18_171111_336",
      "unitId": "1B (Kinnon)",
      "amount": 4500,
      "date": "2025-02-18T00:21:51.784Z"
    },
    "25045": {
      "transactionId": "2025-02-18_171112_104",
      "unitId": "PH3C (Harting)",
      "amount": 5800,
      "date": "2025-02-18T00:24:58.727Z"
    },
    "25059": {
      "transactionId": "2025-03-11_171122_844",
      "unitId": "1B (Kinnon)",
      "amount": 4500,
      "date": "2025-03-11T23:08:59.899Z"
    },
    "25060": {
      "transactionId": "2025-03-11_171123_613",
      "unitId": "PH3C (Harting)",
      "amount": 5800,
      "date": "2025-03-11T23:10:08.973Z"
    },
    "25062": {
      "transactionId": "2025-03-26_171128_177",
      "unitId": "2C (Kopeika)",
      "amount": 13200,
      "date": "2025-03-26T21:39:21.556Z"
    },
    "25065": {
      "transactionId": "2025-03-29_171130_417",
      "unitId": "1A (Fletcher)",
      "amount": 15000,
      "date": "2025-03-29T16:59:49.271Z"
    },
    "25073": {
      "transactionId": "2025-04-04_171135_118",
      "unitId": "2A (Friend)",
      "amount": 4600,
      "date": "2025-04-04T05:00:00.000Z"
    },
    "25081": {
      "transactionId": "2025-04-12_171142_684",
      "unitId": "2B (Garcia Reyes)",
      "amount": 17600,
      "date": "2025-04-12T16:57:02.512Z"
    },
    "25082": {
      "transactionId": "2025-04-12_171143_422",
      "unitId": "PH2B (Rosania)",
      "amount": 264,
      "date": "2025-04-12T16:58:39.558Z"
    },
    "25088": {
      "transactionId": "2025-04-16_171146_458",
      "unitId": "1B (Kinnon)",
      "amount": 5000,
      "date": "2025-04-16T01:06:58.457Z"
    },
    "25089": {
      "transactionId": "2025-04-16_171147_212",
      "unitId": "1B (Kinnon)",
      "amount": 5000,
      "date": "2025-04-16T01:08:04.159Z"
    },
    "25090": {
      "transactionId": "2025-04-16_171147_971",
      "unitId": "PH3C (Harting)",
      "amount": 11600,
      "date": "2025-04-16T01:08:48.642Z"
    },
    "25113": {
      "transactionId": "2025-06-10_171207_761",
      "unitId": "2A (Friend)",
      "amount": 4600,
      "date": "2025-06-10T03:36:16.965Z"
    },
    "25114": {
      "transactionId": "2025-06-13_171209_259",
      "unitId": "1B (Kinnon)",
      "amount": 4500,
      "date": "2025-06-13T21:11:45.027Z"
    },
    "25115": {
      "transactionId": "2025-06-13_171210_019",
      "unitId": "PH3C (Harting)",
      "amount": 6000,
      "date": "2025-06-13T21:14:15.846Z"
    },
    "25118": {
      "transactionId": "2025-06-19_171212_271",
      "unitId": "2C (Kopeika)",
      "amount": 13200,
      "date": "2025-06-19T22:55:41.585Z"
    },
    "25120": {
      "transactionId": "2025-06-30_171215_986",
      "unitId": "PH4D (Landesman)",
      "amount": 5800,
      "date": "2025-06-30T05:00:00.000Z"
    },
    "25124": {
      "transactionId": "2025-07-01_171216_760",
      "unitId": "PH1A (Gluchowski)",
      "amount": 10400,
      "date": "2025-07-01T20:44:46.601Z"
    },
    "25125": {
      "transactionId": "2025-07-02_171217_528",
      "unitId": "1A (Fletcher)",
      "amount": 15000,
      "date": "2025-07-02T18:29:41.355Z"
    },
    "25126": {
      "transactionId": "2025-07-03_171218_353",
      "unitId": "1C (Eifler)",
      "amount": 13200,
      "date": "2025-07-03T02:01:53.604Z"
    },
    "25128": {
      "transactionId": "2025-07-07_171220_712",
      "unitId": "2A (Friend)",
      "amount": 3800,
      "date": "2025-07-07T06:47:55.785Z"
    },
    "25129": {
      "transactionId": "2025-07-07_171221_528",
      "unitId": "1B (Kinnon)",
      "amount": 5000,
      "date": "2025-07-07T06:51:00.209Z"
    },
    "25130": {
      "transactionId": "2025-07-07_171222_283",
      "unitId": "PH3C (Harting)",
      "amount": 6000,
      "date": "2025-07-07T06:52:02.807Z"
    },
    "25136": {
      "transactionId": "2025-08-02_171229_115",
      "unitId": "PH4D (Landesman)",
      "amount": 5800,
      "date": "2025-08-02T16:03:28.050Z"
    },
    "25137": {
      "transactionId": "2025-08-04_171230_633",
      "unitId": "2A (Friend)",
      "amount": 4600,
      "date": "2025-08-04T11:41:08.804Z"
    },
    "25139": {
      "transactionId": "2025-08-09_171232_994",
      "unitId": "1B (Kinnon)",
      "amount": 5000,
      "date": "2025-08-09T23:39:01.745Z"
    },
    "25140": {
      "transactionId": "2025-08-09_171233_768",
      "unitId": "PH3C (Harting)",
      "amount": 5800,
      "date": "2025-08-09T23:40:09.013Z"
    },
    "25142": {
      "transactionId": "2025-08-16_171235_994",
      "unitId": "PH2B (Rosania)",
      "amount": 17400,
      "date": "2025-08-16T19:31:22.977Z"
    },
    "25143": {
      "transactionId": "2025-08-20_171236_758",
      "unitId": "2B (Garcia Reyes)",
      "amount": 17600,
      "date": "2025-08-20T15:09:23.249Z"
    },
    "25144": {
      "transactionId": "2025-08-20_171237_514",
      "unitId": "PH4D (Landesman)",
      "amount": 23200,
      "date": "2025-08-20T15:46:16.251Z"
    },
    "25146": {
      "transactionId": "2025-09-09_171245_132",
      "unitId": "1B (Kinnon)",
      "amount": 5000,
      "date": "2025-09-09T17:51:04.678Z"
    },
    "25147": {
      "transactionId": "2025-09-09_171245_922",
      "unitId": "PH3C (Harting)",
      "amount": 6000,
      "date": "2025-09-09T17:52:21.746Z"
    },
    "25148": {
      "transactionId": "2025-09-16_171247_461",
      "unitId": "2A (Friend)",
      "amount": 4800,
      "date": "2025-09-16T17:52:22.488Z"
    },
    "25149": {
      "transactionId": "2025-09-27_171251_268",
      "unitId": "2C (Kopeika)",
      "amount": 13200,
      "date": "2025-09-27T17:07:39.873Z"
    },
    "25150": {
      "transactionId": "2025-09-28_171252_019",
      "unitId": "1A (Fletcher)",
      "amount": 15000,
      "date": "2025-09-28T16:23:41.418Z"
    }
  },
  "byUnit": {
    "PH2B (Rosania)": [
      {
        "transactionId": "2024-10-23_171001_938",
        "unitId": "PH2B (Rosania)",
        "amount": 14000,
        "date": "2024-10-23T10:35:30.626Z",
        "sequenceNumber": 25006
      },
      {
        "transactionId": "2024-12-18_171029_412",
        "unitId": "PH2B (Rosania)",
        "amount": 2900,
        "date": "2024-12-18T05:00:00.000Z",
        "sequenceNumber": 25007
      },
      {
        "transactionId": "2025-01-01_171041_496",
        "unitId": "PH2B (Rosania)",
        "amount": 17100,
        "date": "2025-01-01T21:06:19.029Z",
        "sequenceNumber": 25019
      },
      {
        "transactionId": "2025-04-12_171143_422",
        "unitId": "PH2B (Rosania)",
        "amount": 264,
        "date": "2025-04-12T16:58:39.558Z",
        "sequenceNumber": 25082
      },
      {
        "transactionId": "2025-08-16_171235_994",
        "unitId": "PH2B (Rosania)",
        "amount": 17400,
        "date": "2025-08-16T19:31:22.977Z",
        "sequenceNumber": 25142
      }
    ],
    "2C (Kopeika)": [
      {
        "transactionId": "2024-12-26_171031_737",
        "unitId": "2C (Kopeika)",
        "amount": 13188,
        "date": "2024-12-26T05:00:00.000Z",
        "sequenceNumber": 25008
      },
      {
        "transactionId": "2025-01-11_171049_220",
        "unitId": "2C (Kopeika)",
        "amount": 12,
        "date": "2025-01-11T15:22:17.859Z",
        "sequenceNumber": 25028
      },
      {
        "transactionId": "2025-03-26_171128_177",
        "unitId": "2C (Kopeika)",
        "amount": 13200,
        "date": "2025-03-26T21:39:21.556Z",
        "sequenceNumber": 25062
      },
      {
        "transactionId": "2025-06-19_171212_271",
        "unitId": "2C (Kopeika)",
        "amount": 13200,
        "date": "2025-06-19T22:55:41.585Z",
        "sequenceNumber": 25118
      },
      {
        "transactionId": "2025-09-27_171251_268",
        "unitId": "2C (Kopeika)",
        "amount": 13200,
        "date": "2025-09-27T17:07:39.873Z",
        "sequenceNumber": 25149
      }
    ],
    "PH4D (Landesman)": [
      {
        "transactionId": "2024-12-27_171037_019",
        "unitId": "PH4D (Landesman)",
        "amount": 17400,
        "date": "2024-12-27T21:27:51.922Z",
        "sequenceNumber": 25009
      },
      {
        "transactionId": "2025-01-01_171040_749",
        "unitId": "PH4D (Landesman)",
        "amount": 17400,
        "date": "2025-01-01T01:47:08.904Z",
        "sequenceNumber": 25018
      },
      {
        "transactionId": "2025-06-30_171215_986",
        "unitId": "PH4D (Landesman)",
        "amount": 5800,
        "date": "2025-06-30T05:00:00.000Z",
        "sequenceNumber": 25120
      },
      {
        "transactionId": "2025-08-02_171229_115",
        "unitId": "PH4D (Landesman)",
        "amount": 5800,
        "date": "2025-08-02T16:03:28.050Z",
        "sequenceNumber": 25136
      },
      {
        "transactionId": "2025-08-20_171237_514",
        "unitId": "PH4D (Landesman)",
        "amount": 23200,
        "date": "2025-08-20T15:46:16.251Z",
        "sequenceNumber": 25144
      }
    ],
    "1A (Fletcher)": [
      {
        "transactionId": "2024-12-28_171037_783",
        "unitId": "1A (Fletcher)",
        "amount": 15000,
        "date": "2024-12-28T18:56:51.999Z",
        "sequenceNumber": 25010
      },
      {
        "transactionId": "2025-03-29_171130_417",
        "unitId": "1A (Fletcher)",
        "amount": 15000,
        "date": "2025-03-29T16:59:49.271Z",
        "sequenceNumber": 25065
      },
      {
        "transactionId": "2025-07-02_171217_528",
        "unitId": "1A (Fletcher)",
        "amount": 15000,
        "date": "2025-07-02T18:29:41.355Z",
        "sequenceNumber": 25125
      },
      {
        "transactionId": "2025-09-28_171252_019",
        "unitId": "1A (Fletcher)",
        "amount": 15000,
        "date": "2025-09-28T16:23:41.418Z",
        "sequenceNumber": 25150
      }
    ],
    "PH1A (Gluchowski)": [
      {
        "transactionId": "2025-01-01_171038_532",
        "unitId": "PH1A (Gluchowski)",
        "amount": 36000,
        "date": "2025-01-01T00:52:34.948Z",
        "sequenceNumber": 25014
      },
      {
        "transactionId": "2025-07-01_171216_760",
        "unitId": "PH1A (Gluchowski)",
        "amount": 10400,
        "date": "2025-07-01T20:44:46.601Z",
        "sequenceNumber": 25124
      }
    ],
    "1C (Eifler)": [
      {
        "transactionId": "2025-01-01_171039_273",
        "unitId": "1C (Eifler)",
        "amount": 25800,
        "date": "2025-01-01T01:30:09.300Z",
        "sequenceNumber": 25016
      },
      {
        "transactionId": "2025-01-01_171040_020",
        "unitId": "1C (Eifler)",
        "amount": 600,
        "date": "2025-01-01T01:44:33.622Z",
        "sequenceNumber": 25017
      },
      {
        "transactionId": "2025-07-03_171218_353",
        "unitId": "1C (Eifler)",
        "amount": 13200,
        "date": "2025-07-03T02:01:53.604Z",
        "sequenceNumber": 25126
      }
    ],
    "2A (Friend)": [
      {
        "transactionId": "2025-01-04_171042_248",
        "unitId": "2A (Friend)",
        "amount": 4600,
        "date": "2025-01-04T15:44:48.852Z",
        "sequenceNumber": 25023
      },
      {
        "transactionId": "2025-02-03_171057_734",
        "unitId": "2A (Friend)",
        "amount": 9200,
        "date": "2025-02-03T21:21:01.691Z",
        "sequenceNumber": 25033
      },
      {
        "transactionId": "2025-04-04_171135_118",
        "unitId": "2A (Friend)",
        "amount": 4600,
        "date": "2025-04-04T05:00:00.000Z",
        "sequenceNumber": 25073
      },
      {
        "transactionId": "2025-06-10_171207_761",
        "unitId": "2A (Friend)",
        "amount": 4600,
        "date": "2025-06-10T03:36:16.965Z",
        "sequenceNumber": 25113
      },
      {
        "transactionId": "2025-07-07_171220_712",
        "unitId": "2A (Friend)",
        "amount": 3800,
        "date": "2025-07-07T06:47:55.785Z",
        "sequenceNumber": 25128
      },
      {
        "transactionId": "2025-08-04_171230_633",
        "unitId": "2A (Friend)",
        "amount": 4600,
        "date": "2025-08-04T11:41:08.804Z",
        "sequenceNumber": 25137
      },
      {
        "transactionId": "2025-09-16_171247_461",
        "unitId": "2A (Friend)",
        "amount": 4800,
        "date": "2025-09-16T17:52:22.488Z",
        "sequenceNumber": 25148
      }
    ],
    "2B (Garcia Reyes)": [
      {
        "transactionId": "2025-01-04_171043_004",
        "unitId": "2B (Garcia Reyes)",
        "amount": 17600,
        "date": "2025-01-04T15:46:29.419Z",
        "sequenceNumber": 25024
      },
      {
        "transactionId": "2025-04-12_171142_684",
        "unitId": "2B (Garcia Reyes)",
        "amount": 17600,
        "date": "2025-04-12T16:57:02.512Z",
        "sequenceNumber": 25081
      },
      {
        "transactionId": "2025-08-20_171236_758",
        "unitId": "2B (Garcia Reyes)",
        "amount": 17600,
        "date": "2025-08-20T15:09:23.249Z",
        "sequenceNumber": 25143
      }
    ],
    "1B (Kinnon)": [
      {
        "transactionId": "2025-01-08_171046_064",
        "unitId": "1B (Kinnon)",
        "amount": 5000,
        "date": "2025-01-08T23:38:52.914Z",
        "sequenceNumber": 25026
      },
      {
        "transactionId": "2025-02-18_171111_336",
        "unitId": "1B (Kinnon)",
        "amount": 4500,
        "date": "2025-02-18T00:21:51.784Z",
        "sequenceNumber": 25043
      },
      {
        "transactionId": "2025-03-11_171122_844",
        "unitId": "1B (Kinnon)",
        "amount": 4500,
        "date": "2025-03-11T23:08:59.899Z",
        "sequenceNumber": 25059
      },
      {
        "transactionId": "2025-04-16_171146_458",
        "unitId": "1B (Kinnon)",
        "amount": 5000,
        "date": "2025-04-16T01:06:58.457Z",
        "sequenceNumber": 25088
      },
      {
        "transactionId": "2025-04-16_171147_212",
        "unitId": "1B (Kinnon)",
        "amount": 5000,
        "date": "2025-04-16T01:08:04.159Z",
        "sequenceNumber": 25089
      },
      {
        "transactionId": "2025-06-13_171209_259",
        "unitId": "1B (Kinnon)",
        "amount": 4500,
        "date": "2025-06-13T21:11:45.027Z",
        "sequenceNumber": 25114
      },
      {
        "transactionId": "2025-07-07_171221_528",
        "unitId": "1B (Kinnon)",
        "amount": 5000,
        "date": "2025-07-07T06:51:00.209Z",
        "sequenceNumber": 25129
      },
      {
        "transactionId": "2025-08-09_171232_994",
        "unitId": "1B (Kinnon)",
        "amount": 5000,
        "date": "2025-08-09T23:39:01.745Z",
        "sequenceNumber": 25139
      },
      {
        "transactionId": "2025-09-09_171245_132",
        "unitId": "1B (Kinnon)",
        "amount": 5000,
        "date": "2025-09-09T17:51:04.678Z",
        "sequenceNumber": 25146
      }
    ],
    "PH3C (Harting)": [
      {
        "transactionId": "2025-01-08_171046_829",
        "unitId": "PH3C (Harting)",
        "amount": 5800,
        "date": "2025-01-08T23:41:05.176Z",
        "sequenceNumber": 25027
      },
      {
        "transactionId": "2025-02-18_171112_104",
        "unitId": "PH3C (Harting)",
        "amount": 5800,
        "date": "2025-02-18T00:24:58.727Z",
        "sequenceNumber": 25045
      },
      {
        "transactionId": "2025-03-11_171123_613",
        "unitId": "PH3C (Harting)",
        "amount": 5800,
        "date": "2025-03-11T23:10:08.973Z",
        "sequenceNumber": 25060
      },
      {
        "transactionId": "2025-04-16_171147_971",
        "unitId": "PH3C (Harting)",
        "amount": 11600,
        "date": "2025-04-16T01:08:48.642Z",
        "sequenceNumber": 25090
      },
      {
        "transactionId": "2025-06-13_171210_019",
        "unitId": "PH3C (Harting)",
        "amount": 6000,
        "date": "2025-06-13T21:14:15.846Z",
        "sequenceNumber": 25115
      },
      {
        "transactionId": "2025-07-07_171222_283",
        "unitId": "PH3C (Harting)",
        "amount": 6000,
        "date": "2025-07-07T06:52:02.807Z",
        "sequenceNumber": 25130
      },
      {
        "transactionId": "2025-08-09_171233_768",
        "unitId": "PH3C (Harting)",
        "amount": 5800,
        "date": "2025-08-09T23:40:09.013Z",
        "sequenceNumber": 25140
      },
      {
        "transactionId": "2025-09-09_171245_922",
        "unitId": "PH3C (Harting)",
        "amount": 6000,
        "date": "2025-09-09T17:52:21.746Z",
        "sequenceNumber": 25147
      }
    ]
  }
}