{
  "1A": {
    "scheduledAmount": 4600,
    "creditBalance": 6239,
    "totalPaid": 55200,
    "outstanding": -6239,
    "payments": [
      {
        "month": 1,
        "paid": 4600,
        "notes": "Posted: MXN 15,000.00 on Sat Dec 28 2024 13:56:50 GMT-0500 (Eastern Standard Time)\nJan, Feb, Mar 2025; HSBC\nSeq: 25010"
      },
      {
        "month": 2,
        "paid": 4600,
        "notes": "Posted: MXN 15,000.00 on Sat Dec 28 2024 13:56:50 GMT-0500 (Eastern Standard Time)\nJan, Feb, Mar 2025; HSBC\nSeq: 25010"
      },
      {
        "month": 3,
        "paid": 4600,
        "notes": "Posted: MXN 15,000.00 on Sat Dec 28 2024 13:56:50 GMT-0500 (Eastern Standard Time)\nJan, Feb, Mar 2025; HSBC\nSeq: 25010"
      },
      {
        "month": 4,
        "paid": 4600,
        "notes": "Posted: MXN 15,000.00 on Sat Mar 29 2025 11:59:48 GMT-0500 (Eastern Standard Time)\nApr, May, Jun 2025 + MXN 1,200.00 Credit HSBC\nSeq: 25065"
      },
      {
        "month": 5,
        "paid": 4600,
        "notes": "Posted: MXN 15,000.00 on Sat Mar 29 2025 11:59:48 GMT-0500 (Eastern Standard Time)\nApr, May, Jun 2025 + MXN 1,200.00 Credit HSBC\nSeq: 25065"
      },
      {
        "month": 6,
        "paid": 4600,
        "notes": "Posted: MXN 15,000.00 on Sat Mar 29 2025 11:59:48 GMT-0500 (Eastern Standard Time)\nApr, May, Jun 2025 + MXN 1,200.00 Credit HSBC\nSeq: 25065"
      },
      {
        "month": 7,
        "paid": 4600,
        "notes": "Posted: MXN 15,000.00 on Wed Jul 02 2025 13:29:40 GMT-0500 (Eastern Standard Time)\nJul, Aug, Sep, Oct 2025 using MXN 3,400.00 from Credit Balance eTransfer to cIbanco\nSeq: 25125"
      },
      {
        "month": 8,
        "paid": 4600,
        "notes": "Posted: MXN 15,000.00 on Wed Jul 02 2025 13:29:40 GMT-0500 (Eastern Standard Time)\nJul, Aug, Sep, Oct 2025 using MXN 3,400.00 from Credit Balance eTransfer to cIbanco\nSeq: 25125"
      },
      {
        "month": 9,
        "paid": 4600,
        "notes": "Posted: MXN 15,000.00 on Wed Jul 02 2025 13:29:40 GMT-0500 (Eastern Standard Time)\nJul, Aug, Sep, Oct 2025 using MXN 3,400.00 from Credit Balance eTransfer to cIbanco\nSeq: 25125"
      },
      {
        "month": 10,
        "paid": 4600,
        "notes": "Posted: MXN 15,000.00 on Wed Jul 02 2025 13:29:40 GMT-0500 (Eastern Standard Time)\nJul, Aug, Sep, Oct 2025 using MXN 3,400.00 from Credit Balance eTransfer to cIbanco\nSeq: 25125"
      },
      {
        "month": 11,
        "paid": 4600,
        "notes": "Posted: MXN 15,000.00 on Sun Sep 28 2025 11:23:41 GMT-0500 (Eastern Standard Time)\nNov, Dec, undefined 2025 + MXN 1,200.00 Credit HSBC → BBVA\nSeq: 25150"
      },
      {
        "month": 12,
        "paid": 4600,
        "notes": "Posted: MXN 15,000.00 on Sun Sep 28 2025 11:23:41 GMT-0500 (Eastern Standard Time)\nNov, Dec, undefined 2025 + MXN 1,200.00 Credit HSBC → BBVA\nSeq: 25150"
      }
    ]
  },
  "1B": {
    "scheduledAmount": 4400,
    "creditBalance": 86,
    "totalPaid": 44000,
    "outstanding": 8714,
    "payments": [
      {
        "month": 1,
        "paid": 4400,
        "notes": "Posted: MXN 5,000.00 on Wed Jan 08 2025 18:38:51 GMT-0500 (Eastern Standard Time)\nJan 2025 + MXN 600.00 Credit \nSeq: 25026"
      },
      {
        "month": 2,
        "paid": 4400,
        "notes": "Posted: MXN 4,500.00 on Mon Feb 17 2025 19:21:51 GMT-0500 (Eastern Standard Time)\nFeb 2025 + MXN 100.00 Credit \nSeq: 25043"
      },
      {
        "month": 3,
        "paid": 4400,
        "notes": "Posted: MXN 4,500.00 on Tue Mar 11 2025 18:08:59 GMT-0500 (Eastern Standard Time)\nMar 2025 + MXN 100.00 Credit \nSeq: 25059"
      },
      {
        "month": 4,
        "paid": 4400,
        "notes": "Posted: MXN 5,000.00 on Tue Apr 15 2025 20:06:58 GMT-0500 (Eastern Standard Time)\nApr 2025 + MXN 600.00 Credit \nSeq: 25088"
      },
      {
        "month": 5,
        "paid": 4400,
        "notes": "Posted: MXN 5,000.00 on Tue Apr 15 2025 20:08:03 GMT-0500 (Eastern Standard Time)\nMay 2025 + MXN 600.00 Credit \nSeq: 25089"
      },
      {
        "month": 6,
        "paid": 4400,
        "notes": "Posted: MXN 4,500.00 on Fri Jun 13 2025 16:11:44 GMT-0500 (Eastern Standard Time)\nJun 2025 + MXN 100.00 Credit \nSeq: 25114"
      },
      {
        "month": 7,
        "paid": 4400,
        "notes": "Posted: MXN 5,000.00 on Mon Jul 07 2025 01:50:59 GMT-0500 (Eastern Standard Time)\nJul 2025 + MXN 600.00 Credit \nSeq: 25129"
      },
      {
        "month": 8,
        "paid": 4400,
        "notes": "Posted: MXN 5,000.00 on Sat Aug 09 2025 18:39:01 GMT-0500 (Eastern Standard Time)\nAug 2025 + MXN 600.00 Credit \nSeq: 25139"
      },
      {
        "month": 9,
        "paid": 4400,
        "notes": "Posted: MXN 5,000.00 on Tue Sep 09 2025 12:51:04 GMT-0500 (Eastern Standard Time)\nSep, Oct 2025 using MXN 3,800.00 from Credit Balance \nSeq: 25146"
      },
      {
        "month": 10,
        "paid": 4400,
        "notes": "Posted: MXN 5,000.00 on Tue Sep 09 2025 12:51:04 GMT-0500 (Eastern Standard Time)\nSep, Oct 2025 using MXN 3,800.00 from Credit Balance \nSeq: 25146"
      }
    ]
  },
  "1C": {
    "scheduledAmount": 4400,
    "creditBalance": 600,
    "totalPaid": 39600,
    "outstanding": 12600,
    "payments": [
      {
        "month": 1,
        "paid": 4400,
        "notes": "Posted: MXN 25,800.00 on Tue Dec 31 2024 20:30:08 GMT-0500 (Eastern Standard Time)\nJan, Feb, Mar, Apr, May 2025 + MXN 3,800.00 Credit; DolarApp\nSeq: 25016"
      },
      {
        "month": 2,
        "paid": 4400,
        "notes": "Posted: MXN 25,800.00 on Tue Dec 31 2024 20:30:08 GMT-0500 (Eastern Standard Time)\nJan, Feb, Mar, Apr, May 2025 + MXN 3,800.00 Credit; DolarApp\nSeq: 25016"
      },
      {
        "month": 3,
        "paid": 4400,
        "notes": "Posted: MXN 25,800.00 on Tue Dec 31 2024 20:30:08 GMT-0500 (Eastern Standard Time)\nJan, Feb, Mar, Apr, May 2025 + MXN 3,800.00 Credit; DolarApp\nSeq: 25016"
      },
      {
        "month": 4,
        "paid": 4400,
        "notes": "Posted: MXN 25,800.00 on Tue Dec 31 2024 20:30:08 GMT-0500 (Eastern Standard Time)\nJan, Feb, Mar, Apr, May 2025 + MXN 3,800.00 Credit; DolarApp\nSeq: 25016"
      },
      {
        "month": 5,
        "paid": 4400,
        "notes": "Posted: MXN 25,800.00 on Tue Dec 31 2024 20:30:08 GMT-0500 (Eastern Standard Time)\nJan, Feb, Mar, Apr, May 2025 + MXN 3,800.00 Credit; DolarApp\nSeq: 25016"
      },
      {
        "month": 6,
        "paid": 4400,
        "notes": "Posted: MXN 600.00 on Tue Dec 31 2024 20:44:33 GMT-0500 (Eastern Standard Time)\nJun 2025 + MXN 600.00 Credit; DolarApp\nSeq: 25017"
      },
      {
        "month": 7,
        "paid": 4400,
        "notes": "Posted: MXN 13,200.00 on Wed Jul 02 2025 21:01:53 GMT-0500 (Eastern Standard Time)\nJul, Aug, Sep 2025 DolarApp\nSeq: 25126"
      },
      {
        "month": 8,
        "paid": 4400,
        "notes": "Posted: MXN 13,200.00 on Wed Jul 02 2025 21:01:53 GMT-0500 (Eastern Standard Time)\nJul, Aug, Sep 2025 DolarApp\nSeq: 25126"
      },
      {
        "month": 9,
        "paid": 4400,
        "notes": "Posted: MXN 13,200.00 on Wed Jul 02 2025 21:01:53 GMT-0500 (Eastern Standard Time)\nJul, Aug, Sep 2025 DolarApp\nSeq: 25126"
      }
    ]
  },
  "2A": {
    "scheduledAmount": 4600,
    "creditBalance": 294,
    "totalPaid": 41400,
    "outstanding": 13506,
    "payments": [
      {
        "month": 1,
        "paid": 4600,
        "notes": "Posted: MXN 4,600.00 on Sat Jan 04 2025 10:44:48 GMT-0500 (Eastern Standard Time)\nJan 2025 XOOM (Remesa Fam)\nSeq: 25023"
      },
      {
        "month": 2,
        "paid": 4600,
        "notes": "Posted: MXN 9,200.00 on Mon Feb 03 2025 16:21:01 GMT-0500 (Eastern Standard Time)\nFeb, Mar 2025 Wire Transfer\nSeq: 25033"
      },
      {
        "month": 3,
        "paid": 4600,
        "notes": "Posted: MXN 9,200.00 on Mon Feb 03 2025 16:21:01 GMT-0500 (Eastern Standard Time)\nFeb, Mar 2025 Wire Transfer\nSeq: 25033"
      },
      {
        "month": 4,
        "paid": 4600,
        "notes": "Posted: MXN 4,600.00 on Tue Apr 08 2025 10:26:34 GMT-0500 (Eastern Standard Time)\nApr 2025 REMESA FAM\nSeq: 25073"
      },
      {
        "month": 5,
        "paid": 4600,
        "notes": "Posted: MXN 4,600.00 on Thu May 01 2025 09:56:30 GMT-0500 (Eastern Standard Time)\nMay 2025 Sent 46,000, returned 41,400 via Venmo\nSeq: 25099"
      },
      {
        "month": 6,
        "paid": 4600,
        "notes": "Posted: MXN 4,600.00 on Mon Jun 09 2025 22:36:16 GMT-0500 (Eastern Standard Time)\nJun 2025 Xoom → CiBanco\nSeq: 25113"
      },
      {
        "month": 7,
        "paid": 4600,
        "notes": "Posted: MXN 3,800.00 on Mon Jul 07 2025 01:47:55 GMT-0500 (Eastern Standard Time)\nJul 2025 using MXN 800.00 from Credit Balance \nSeq: 25128"
      },
      {
        "month": 8,
        "paid": 4600,
        "notes": "Posted: MXN 4,600.00 on Mon Aug 04 2025 06:41:08 GMT-0500 (Eastern Standard Time)\nAug 2025 Wise → BBVA\nSeq: 25137"
      },
      {
        "month": 9,
        "paid": 4600,
        "notes": "Posted: MXN 4,800.00 on Tue Sep 16 2025 12:52:22 GMT-0500 (Eastern Standard Time)\nSep 2025 + MXN 200.00 Credit Elizabeth\nSeq: 25148"
      }
    ]
  },
  "2B": {
    "scheduledAmount": 4400,
    "creditBalance": 0,
    "totalPaid": 52800,
    "outstanding": 0,
    "payments": [
      {
        "month": 1,
        "paid": 4400,
        "notes": "Posted: MXN 17,600.00 on Sat Jan 04 2025 10:46:28 GMT-0500 (Eastern Standard Time)\nJan, Feb, Mar, Apr 2025 BANAMEX\nSeq: 25024"
      },
      {
        "month": 2,
        "paid": 4400,
        "notes": "Posted: MXN 17,600.00 on Sat Jan 04 2025 10:46:28 GMT-0500 (Eastern Standard Time)\nJan, Feb, Mar, Apr 2025 BANAMEX\nSeq: 25024"
      },
      {
        "month": 3,
        "paid": 4400,
        "notes": "Posted: MXN 17,600.00 on Sat Jan 04 2025 10:46:28 GMT-0500 (Eastern Standard Time)\nJan, Feb, Mar, Apr 2025 BANAMEX\nSeq: 25024"
      },
      {
        "month": 4,
        "paid": 4400,
        "notes": "Posted: MXN 17,600.00 on Sat Jan 04 2025 10:46:28 GMT-0500 (Eastern Standard Time)\nJan, Feb, Mar, Apr 2025 BANAMEX\nSeq: 25024"
      },
      {
        "month": 5,
        "paid": 4400,
        "notes": "Posted: MXN 17,600.00 on Sat Apr 12 2025 11:57:02 GMT-0500 (Eastern Standard Time)\nMay, Jun, Jul, Aug 2025 Interbancario → ciBanco\nSeq: 25081"
      },
      {
        "month": 6,
        "paid": 4400,
        "notes": "Posted: MXN 17,600.00 on Sat Apr 12 2025 11:57:02 GMT-0500 (Eastern Standard Time)\nMay, Jun, Jul, Aug 2025 Interbancario → ciBanco\nSeq: 25081"
      },
      {
        "month": 7,
        "paid": 4400,
        "notes": "Posted: MXN 17,600.00 on Sat Apr 12 2025 11:57:02 GMT-0500 (Eastern Standard Time)\nMay, Jun, Jul, Aug 2025 Interbancario → ciBanco\nSeq: 25081"
      },
      {
        "month": 8,
        "paid": 4400,
        "notes": "Posted: MXN 17,600.00 on Sat Apr 12 2025 11:57:02 GMT-0500 (Eastern Standard Time)\nMay, Jun, Jul, Aug 2025 Interbancario → ciBanco\nSeq: 25081"
      },
      {
        "month": 9,
        "paid": 4400,
        "notes": "Posted: MXN 17,600.00 on Wed Aug 20 2025 10:09:22 GMT-0500 (Eastern Standard Time)\nSep, Oct, Nov, Dec 2025 Banamex → CiBanco\nSeq: 25143"
      },
      {
        "month": 10,
        "paid": 4400,
        "notes": "Posted: MXN 17,600.00 on Wed Aug 20 2025 10:09:22 GMT-0500 (Eastern Standard Time)\nSep, Oct, Nov, Dec 2025 Banamex → CiBanco\nSeq: 25143"
      },
      {
        "month": 11,
        "paid": 4400,
        "notes": "Posted: MXN 17,600.00 on Wed Aug 20 2025 10:09:22 GMT-0500 (Eastern Standard Time)\nSep, Oct, Nov, Dec 2025 Banamex → CiBanco\nSeq: 25143"
      },
      {
        "month": 12,
        "paid": 4400,
        "notes": "Posted: MXN 17,600.00 on Wed Aug 20 2025 10:09:22 GMT-0500 (Eastern Standard Time)\nSep, Oct, Nov, Dec 2025 Banamex → CiBanco\nSeq: 25143"
      }
    ]
  },
  "2C": {
    "scheduledAmount": 4400,
    "creditBalance": 0,
    "totalPaid": 52800,
    "outstanding": 0,
    "payments": [
      {
        "month": 1,
        "paid": 4400,
        "notes": "Posted: MXN 13,188.00 on Fri Dec 27 2024 15:56:42 GMT-0500 (Eastern Standard Time)\nJan, Feb 2025; Wise -> MTC Bank (short by 12 pesos)\nSeq: 25008"
      },
      {
        "month": 2,
        "paid": 4400,
        "notes": "Posted: MXN 13,188.00 on Fri Dec 27 2024 15:56:42 GMT-0500 (Eastern Standard Time)\nJan, Feb 2025; Wise -> MTC Bank (short by 12 pesos)\nSeq: 25008"
      },
      {
        "month": 3,
        "paid": 4400,
        "notes": "Posted: MXN 12.00 on Sat Jan 11 2025 10:22:17 GMT-0500 (Eastern Standard Time)\nMar 2025 using MXN 4,388.00 from Credit Balance Extra payment to cover shortage\nSeq: 25028"
      },
      {
        "month": 4,
        "paid": 4400,
        "notes": "Posted: MXN 13,200.00 on Wed Mar 26 2025 16:39:20 GMT-0500 (Eastern Standard Time)\nApr, May, Jun 2025 Wise\nSeq: 25062"
      },
      {
        "month": 5,
        "paid": 4400,
        "notes": "Posted: MXN 13,200.00 on Wed Mar 26 2025 16:39:20 GMT-0500 (Eastern Standard Time)\nApr, May, Jun 2025 Wise\nSeq: 25062"
      },
      {
        "month": 6,
        "paid": 4400,
        "notes": "Posted: MXN 13,200.00 on Wed Mar 26 2025 16:39:20 GMT-0500 (Eastern Standard Time)\nApr, May, Jun 2025 Wise\nSeq: 25062"
      },
      {
        "month": 7,
        "paid": 4400,
        "notes": "Posted: MXN 13,200.00 on Thu Jun 19 2025 17:55:41 GMT-0500 (Eastern Standard Time)\nJul, Aug, Sep 2025 Wise → CiBanco\nSeq: 25118"
      },
      {
        "month": 8,
        "paid": 4400,
        "notes": "Posted: MXN 13,200.00 on Thu Jun 19 2025 17:55:41 GMT-0500 (Eastern Standard Time)\nJul, Aug, Sep 2025 Wise → CiBanco\nSeq: 25118"
      },
      {
        "month": 9,
        "paid": 4400,
        "notes": "Posted: MXN 13,200.00 on Thu Jun 19 2025 17:55:41 GMT-0500 (Eastern Standard Time)\nJul, Aug, Sep 2025 Wise → CiBanco\nSeq: 25118"
      },
      {
        "month": 10,
        "paid": 4400,
        "notes": "Posted: MXN 13,200.00 on Sat Sep 27 2025 12:07:39 GMT-0500 (Eastern Standard Time)\nOct, Nov, Dec 2025 Wise → BBVA\nSeq: 25149"
      },
      {
        "month": 11,
        "paid": 4400,
        "notes": "Posted: MXN 13,200.00 on Sat Sep 27 2025 12:07:39 GMT-0500 (Eastern Standard Time)\nOct, Nov, Dec 2025 Wise → BBVA\nSeq: 25149"
      },
      {
        "month": 12,
        "paid": 4400,
        "notes": "Posted: MXN 13,200.00 on Sat Sep 27 2025 12:07:39 GMT-0500 (Eastern Standard Time)\nOct, Nov, Dec 2025 Wise → BBVA\nSeq: 25149"
      }
    ]
  },
  "PH1A": {
    "scheduledAmount": 5800,
    "creditBalance": 0,
    "totalPaid": 46400,
    "outstanding": 23200,
    "payments": [
      {
        "month": 1,
        "paid": 5800,
        "notes": "Posted: MXN 36,000.00 on Tue Dec 31 2024 19:52:34 GMT-0500 (Eastern Standard Time)\nJan, Feb, Mar, Apr, May, Jun 2025; DolarApp 6 months\nSeq: 25014"
      },
      {
        "month": 2,
        "paid": 5800,
        "notes": "Posted: MXN 36,000.00 on Tue Dec 31 2024 19:52:34 GMT-0500 (Eastern Standard Time)\nJan, Feb, Mar, Apr, May, Jun 2025; DolarApp 6 months\nSeq: 25014"
      },
      {
        "month": 3,
        "paid": 5800,
        "notes": "Posted: MXN 36,000.00 on Tue Dec 31 2024 19:52:34 GMT-0500 (Eastern Standard Time)\nJan, Feb, Mar, Apr, May, Jun 2025; DolarApp 6 months\nSeq: 25014"
      },
      {
        "month": 4,
        "paid": 5800,
        "notes": "Posted: MXN 36,000.00 on Tue Dec 31 2024 19:52:34 GMT-0500 (Eastern Standard Time)\nJan, Feb, Mar, Apr, May, Jun 2025; DolarApp 6 months\nSeq: 25014"
      },
      {
        "month": 5,
        "paid": 5800,
        "notes": "Posted: MXN 36,000.00 on Tue Dec 31 2024 19:52:34 GMT-0500 (Eastern Standard Time)\nJan, Feb, Mar, Apr, May, Jun 2025; DolarApp 6 months\nSeq: 25014"
      },
      {
        "month": 6,
        "paid": 5800,
        "notes": "Posted: MXN 36,000.00 on Tue Dec 31 2024 19:52:34 GMT-0500 (Eastern Standard Time)\nJan, Feb, Mar, Apr, May, Jun 2025; DolarApp 6 months\nSeq: 25014"
      },
      {
        "month": 7,
        "paid": 5800,
        "notes": "Posted: MXN 10,400.00 on Tue Jul 01 2025 15:44:46 GMT-0500 (Eastern Standard Time)\nJul, Aug 2025 using MXN 1,200.00 from Credit Balance DolarApp → CiBanco\nSeq: 25124"
      },
      {
        "month": 8,
        "paid": 5800,
        "notes": "Posted: MXN 10,400.00 on Tue Jul 01 2025 15:44:46 GMT-0500 (Eastern Standard Time)\nJul, Aug 2025 using MXN 1,200.00 from Credit Balance DolarApp → CiBanco\nSeq: 25124"
      }
    ]
  },
  "PH2B": {
    "scheduledAmount": 5800,
    "creditBalance": 0,
    "totalPaid": 69600,
    "outstanding": 0,
    "payments": [
      {
        "month": 1,
        "paid": 5800,
        "notes": ""
      },
      {
        "month": 2,
        "paid": 5800,
        "notes": ""
      },
      {
        "month": 3,
        "paid": 5800,
        "notes": ""
      },
      {
        "month": 4,
        "paid": 5800,
        "notes": "Posted: MXN 17,100.00 on Wed Jan 01 2025 16:06:18 GMT-0500 (Eastern Standard Time)\nApr, May, Jun 2025 using MXN 300.00 from Credit Balance; DolarApp\nSeq: 25019"
      },
      {
        "month": 5,
        "paid": 5800,
        "notes": "Posted: MXN 17,100.00 on Wed Jan 01 2025 16:06:18 GMT-0500 (Eastern Standard Time)\nApr, May, Jun 2025 using MXN 300.00 from Credit Balance; DolarApp\nSeq: 25019"
      },
      {
        "month": 6,
        "paid": 5800,
        "notes": "Posted: MXN 17,100.00 on Wed Jan 01 2025 16:06:18 GMT-0500 (Eastern Standard Time)\nApr, May, Jun 2025 using MXN 300.00 from Credit Balance; DolarApp\nSeq: 25019"
      },
      {
        "month": 7,
        "paid": 5800,
        "notes": "Posted: MXN 17,100.00 on Tue Apr 08 2025 14:20:33 GMT-0500 (Eastern Standard Time)\nJul, Aug 2025 + MXN 5,500.00 Credit vía DolarApp\nSeq: 25074"
      },
      {
        "month": 8,
        "paid": 5800,
        "notes": "Posted: MXN 17,100.00 on Tue Apr 08 2025 14:20:33 GMT-0500 (Eastern Standard Time)\nJul, Aug 2025 + MXN 5,500.00 Credit vía DolarApp\nSeq: 25074"
      },
      {
        "month": 9,
        "paid": 5800,
        "notes": "Posted: MXN 264.00 on Sat Apr 12 2025 11:58:39 GMT-0500 (Eastern Standard Time)\nSep 2025 using MXN 5,536.00 from Credit Balance DolarApp\nSeq: 25082"
      },
      {
        "month": 10,
        "paid": 5800,
        "notes": "Posted: MXN 17,400.00 on Sat Aug 16 2025 14:31:22 GMT-0500 (Eastern Standard Time)\nOct, Nov, Dec 2025 DolarApp → BBVA → CiBanco\nSeq: 25142"
      },
      {
        "month": 11,
        "paid": 5800,
        "notes": "Posted: MXN 17,400.00 on Sat Aug 16 2025 14:31:22 GMT-0500 (Eastern Standard Time)\nOct, Nov, Dec 2025 DolarApp → BBVA → CiBanco\nSeq: 25142"
      },
      {
        "month": 12,
        "paid": 5800,
        "notes": "Posted: MXN 17,400.00 on Sat Aug 16 2025 14:31:22 GMT-0500 (Eastern Standard Time)\nOct, Nov, Dec 2025 DolarApp → BBVA → CiBanco\nSeq: 25142"
      }
    ]
  },
  "PH3C": {
    "scheduledAmount": 5800,
    "creditBalance": 910.4400000000005,
    "totalPaid": 52200,
    "outstanding": 16489.559999999998,
    "payments": [
      {
        "month": 1,
        "paid": 5800,
        "notes": "Posted: MXN 5,800.00 on Wed Jan 08 2025 18:41:04 GMT-0500 (Eastern Standard Time)\nJan 2025 \nSeq: 25027\n\nAdded 6.44 MXP for overpayment of Propane Pipes"
      },
      {
        "month": 2,
        "paid": 5800,
        "notes": "Posted: MXN 5,800.00 on Mon Feb 17 2025 19:24:58 GMT-0500 (Eastern Standard Time)\nFeb 2025 \nSeq: 25045"
      },
      {
        "month": 3,
        "paid": 5800,
        "notes": "Posted: MXN 5,800.00 on Tue Mar 11 2025 18:10:08 GMT-0500 (Eastern Standard Time)\nMar 2025 \nSeq: 25060"
      },
      {
        "month": 4,
        "paid": 5800,
        "notes": "Posted: MXN 11,600.00 on Tue Apr 15 2025 20:08:48 GMT-0500 (Eastern Standard Time)\nApr, May 2025 + MXN 0.00 Credit \nSeq: 25090"
      },
      {
        "month": 5,
        "paid": 5800,
        "notes": "Posted: MXN 11,600.00 on Tue Apr 15 2025 20:08:48 GMT-0500 (Eastern Standard Time)\nApr, May 2025 + MXN 0.00 Credit \nSeq: 25090"
      },
      {
        "month": 6,
        "paid": 5800,
        "notes": "Posted: MXN 6,000.00 on Fri Jun 13 2025 16:14:15 GMT-0500 (Eastern Standard Time)\nJun 2025 + MXN 200.00 Credit \nSeq: 25115"
      },
      {
        "month": 7,
        "paid": 5800,
        "notes": "Posted: MXN 6,000.00 on Mon Jul 07 2025 01:52:02 GMT-0500 (Eastern Standard Time)\nJul 2025 + MXN 200.00 Credit \nSeq: 25130"
      },
      {
        "month": 8,
        "paid": 5800,
        "notes": "Posted: MXN 5,800.00 on Sat Aug 09 2025 18:40:08 GMT-0500 (Eastern Standard Time)\nAug 2025 \nSeq: 25140"
      },
      {
        "month": 9,
        "paid": 5800,
        "notes": "Posted: MXN 6,000.00 on Tue Sep 09 2025 12:52:21 GMT-0500 (Eastern Standard Time)\nSep 2025 + MXN 200.00 Credit \nSeq: 25147"
      }
    ]
  },
  "PH4D": {
    "scheduledAmount": 5800,
    "creditBalance": 14400,
    "totalPaid": 69600,
    "outstanding": -14400,
    "payments": [
      {
        "month": 1,
        "paid": 5800,
        "notes": "Posted: MXN 17,400.00 on Fri Dec 27 2024 16:27:51 GMT-0500 (Eastern Standard Time)\nJan, Feb, Mar 2025; BBVA → MTC Bank\nSeq: 25009"
      },
      {
        "month": 2,
        "paid": 5800,
        "notes": "Posted: MXN 17,400.00 on Fri Dec 27 2024 16:27:51 GMT-0500 (Eastern Standard Time)\nJan, Feb, Mar 2025; BBVA → MTC Bank\nSeq: 25009"
      },
      {
        "month": 3,
        "paid": 5800,
        "notes": "Posted: MXN 17,400.00 on Fri Dec 27 2024 16:27:51 GMT-0500 (Eastern Standard Time)\nJan, Feb, Mar 2025; BBVA → MTC Bank\nSeq: 25009"
      },
      {
        "month": 4,
        "paid": 5800,
        "notes": "Posted: MXN 17,400.00 on Tue Dec 31 2024 20:47:08 GMT-0500 (Eastern Standard Time)\nApr, May, Jun 2025 + MXN 0.00 Credit; DolarApp\nSeq: 25018"
      },
      {
        "month": 5,
        "paid": 5800,
        "notes": "Posted: MXN 17,400.00 on Tue Dec 31 2024 20:47:08 GMT-0500 (Eastern Standard Time)\nApr, May, Jun 2025 + MXN 0.00 Credit; DolarApp\nSeq: 25018"
      },
      {
        "month": 6,
        "paid": 5800,
        "notes": "Posted: MXN 17,400.00 on Tue Dec 31 2024 20:47:08 GMT-0500 (Eastern Standard Time)\nApr, May, Jun 2025 + MXN 0.00 Credit; DolarApp\nSeq: 25018"
      },
      {
        "month": 7,
        "paid": 5800,
        "notes": "Posted: MXN 5,800.00 on Tue Jul 01 2025 07:35:49 GMT-0500 (Eastern Standard Time)\nJul 2025 BBVA → CiBanco\nSeq: 25120"
      },
      {
        "month": 8,
        "paid": 5800,
        "notes": "Posted: MXN 5,800.00 on Sat Aug 02 2025 11:03:27 GMT-0500 (Eastern Standard Time)\nAug 2025 \nSeq: 25136"
      },
      {
        "month": 9,
        "paid": 5800,
        "notes": "Posted: MXN 23,200.00 on Wed Aug 20 2025 10:46:15 GMT-0500 (Eastern Standard Time)\nSep, Oct, Nov, Dec 2025 BBVA → CiBanco\nSeq: 25144"
      },
      {
        "month": 10,
        "paid": 5800,
        "notes": "Posted: MXN 23,200.00 on Wed Aug 20 2025 10:46:15 GMT-0500 (Eastern Standard Time)\nSep, Oct, Nov, Dec 2025 BBVA → CiBanco\nSeq: 25144"
      },
      {
        "month": 11,
        "paid": 5800,
        "notes": "Posted: MXN 23,200.00 on Wed Aug 20 2025 10:46:15 GMT-0500 (Eastern Standard Time)\nSep, Oct, Nov, Dec 2025 BBVA → CiBanco\nSeq: 25144"
      },
      {
        "month": 12,
        "paid": 5800,
        "notes": "Posted: MXN 23,200.00 on Wed Aug 20 2025 10:46:15 GMT-0500 (Eastern Standard Time)\nSep, Oct, Nov, Dec 2025 BBVA → CiBanco\nSeq: 25144"
      }
    ]
  }
}