{
  "cash": {
    "_id": "cash",
    "name": "Cash",
    "currency": "MX$ (Mexican Pesos)",
    "type": "cash",
    "details": "",
    "active": true,
    "status": "active",
    "created": {
      "_seconds": 1754510321,
      "_nanoseconds": 277000000
    },
    "updated": {
      "_seconds": 1754510321,
      "_nanoseconds": 277000000
    }
  },
  "dolarapp": {
    "_id": "dolarapp",
    "name": "DolarApp",
    "currency": "MX$ (Mexican Pesos)",
    "type": "digital",
    "details": "$landesman",
    "active": true,
    "status": "active",
    "created": {
      "_seconds": 1754510322,
      "_nanoseconds": 81000000
    },
    "updated": {
      "_seconds": 1754510322,
      "_nanoseconds": 81000000
    }
  },
  "etransfer": {
    "_id": "etransfer",
    "name": "eTransfer",
    "currency": "MX$ (Mexican Pesos)",
    "type": "bank",
    "details": "Nombre: Sandra Maria Landesman\nCuenta: 158 909 8067\nCLABE: 0126 9401 5890 980677",
    "active": true,
    "status": "active",
    "created": {
      "_seconds": 1754510322,
      "_nanoseconds": 394000000
    },
    "updated": {
      "_seconds": 1754510322,
      "_nanoseconds": 394000000
    }
  },
  "venmo": {
    "_id": "venmo",
    "name": "Venmo",
    "currency": "US$ (US Dollars)",
    "type": "digital",
    "details": "@Michael-A-Landesman",
    "active": true,
    "status": "active",
    "created": {
      "_seconds": 1754510323,
      "_nanoseconds": 6000000
    },
    "updated": {
      "_seconds": 1754510323,
      "_nanoseconds": 6000000
    }
  },
  "wire": {
    "_id": "wire",
    "name": "Wire",
    "currency": "MX$ (Mexican Pesos)",
    "type": "bank",
    "details": "Nombre: Sandra Maria Landesman\nCuenta: 158 909 8067\nCLABE: 0126 9401 5890 980677",
    "active": true,
    "status": "active",
    "created": {
      "_seconds": 1754510322,
      "_nanoseconds": 699000000
    },
    "updated": {
      "_seconds": 1754510322,
      "_nanoseconds": 699000000
    }
  },
  "wise": {
    "_id": "wise",
    "name": "Wise",
    "currency": "MX$ (Mexican Pesos)",
    "type": "bank",
    "details": "@michaell4559",
    "active": true,
    "status": "active",
    "created": {
      "_seconds": 1754510320,
      "_nanoseconds": 452000000
    },
    "updated": {
      "_seconds": 1754510320,
      "_nanoseconds": 452000000
    }
  },
  "zelle": {
    "_id": "zelle",
    "name": "Zelle",
    "currency": "US$ (US Dollars)",
    "type": "bank",
    "details": "michael@landesman.com",
    "active": true,
    "status": "active",
    "created": {
      "_seconds": 1754510321,
      "_nanoseconds": 739000000
    },
    "updated": {
      "_seconds": 1754510321,
      "_nanoseconds": 739000000
    }
  }
}