[
  {
    "UnitID": "1A",
    "Owner": "Patsy Fletcher",
    "eMail": "patsy.ffexpress@gmail.com",
    "Dues": 4600,
    "% Owner": 0.092
  },
  {
    "UnitID": "1B",
    "Owner": "Michele Kinnon",
    "eMail": "michelekinnon67@gmail.com",
    "Dues": 4400,
    "% Owner": 0.088
  },
  {
    "UnitID": "1C",
    "Owner": "Mark Eifler",
    "eMail": "meifler@gmail.com",
    "Dues": 4400,
    "% Owner": 0.088
  },
  {
    "UnitID": "2A",
    "Owner": "Cindy Friend",
    "eMail": "cfbestfriends@gmail.com",
    "Dues": 4600,
    "% Owner": 0.092
  },
  {
    "UnitID": "2B",
    "Owner": "Malena Garcia Reyes",
    "eMail": "mandmgarcia@hotmail.co.uk",
    "Dues": 4400,
    "% Owner": 0.088
  },
  {
    "UnitID": "2C",
    "Owner": "Lee Kopeika",
    "eMail": "leekopeika1957@gmail.com",
    "Dues": 4400,
    "% Owner": 0.088
  },
  {
    "UnitID": "PH1A",
    "Owner": "Josh Gluchowski",
    "eMail": "gluchows@gmail.com",
    "Dues": 5800,
    "% Owner": 0.116
  },
  {
    "UnitID": "PH2B",
    "Owner": "Robert Rosania",
    "eMail": "robert.rosania@sbcglobal.net",
    "Dues": 5800,
    "% Owner": 0.116
  },
  {
    "UnitID": "PH3C",
    "Owner": "Jim Harting",
    "eMail": "pyrojim1961@gmail.com;michelekinnon67@gmail.com",
    "Dues": 5800,
    "% Owner": 0.116
  },
  {
    "UnitID": "PH4D",
    "Owner": "Michael Landesman",
    "eMail": "ms@landesman.com",
    "Dues": 5800,
    "% Owner": 0.116
  }
]