[
  {
    "LastName": "Fletcher",
    "Unit": "1A",
    "Email": "patsy.ffexpress@gmail.com",
    "Password": "8460"
  },
  {
    "LastName": "Kinnon",
    "Unit": "1B",
    "Email": "michelekinnon67@gmail.com",
    "Password": "9763"
  },
  {
    "LastName": "Eifler",
    "Unit": "1C",
    "Email": "meifler@gmail.com",
    "Password": "7936"
  },
  {
    "LastName": "Friend",
    "Unit": "2A",
    "Email": "cfbestfriends@gmail.com",
    "Password": "0573"
  },
  {
    "LastName": "Garcia Reyes",
    "Unit": "2B",
    "Email": "mandmgarcia@hotmail.co.uk",
    "Password": "6580"
  },
  {
    "LastName": "Kopeika",
    "Unit": "2C",
    "Email": "leekopeika1957@gmail.com",
    "Password": "2120"
  },
  {
    "LastName": "Gluchowski",
    "Unit": "PH1A",
    "Email": "gluchows@gmail.com",
    "Password": "8698"
  },
  {
    "LastName": "Rosania",
    "Unit": "PH2B",
    "Email": "robert.rosania@sbcglobal.net",
    "Password": "7740"
  },
  {
    "LastName": "Harting",
    "Unit": "PH3C",
    "Email": "pyrojim1961@gmail.com",
    "Password": "0092"
  },
  {
    "LastName": "Landesman",
    "Unit": "PH4D",
    "Email": "ms@landesman.com",
    "Password": "0331"
  }
]