[
  {
    "Vendors": "Acuatica Gamez"
  },
  {
    "Vendors": "Administration Fee"
  },
  {
    "Vendors": "Amazon Business"
  },
  {
    "Vendors": "Aquas del Caribe"
  },
  {
    "Vendors": "BBVA"
  },
  {
    "Vendors": "CFE"
  },
  {
    "Vendors": "CiBanco"
  },
  {
    "Vendors": "Colonos Puerto Aventuras"
  },
  {
    "Vendors": "Deposit"
  },
  {
    "Vendors": "Eddy Espinosa"
  },
  {
    "Vendors": "Home Depot"
  },
  {
    "Vendors": "Humberto Torres (A/C)"
  },
  {
    "Vendors": "Jorge Juan Perez"
  },
  {
    "Vendors": "Jorge Juan Perez (General Labor)"
  },
  {
    "Vendors": "Marina Turquessa Condos"
  },
  {
    "Vendors": "Omar Peña (General Labor)"
  },
  {
    "Vendors": "OTHER"
  },
  {
    "Vendors": "Petty Cash"
  },
  {
    "Vendors": "Pipa Playa (Potable Water)"
  },
  {
    "Vendors": "Rudi (Electrician)"
  },
  {
    "Vendors": "Sandyland Properties"
  },
  {
    "Vendors": "Sebastian Campos"
  },
  {
    "Vendors": "Sergio Hernandez"
  },
  {
    "Vendors": "Transfer Cash to Bank"
  },
  {
    "Vendors": "Vertical City"
  }
]