{
  "source": {
    "environment": "dev",
    "analyzed": "2025-08-06T23:37:33.426Z",
    "clientExists": true,
    "documentCounts": {
      "categories": 22,
      "config": 2,
      "importMetadata": 94,
      "paymentMethods": 7,
      "transactions": 27,
      "units": 10,
      "units/dues": 10,
      "vendors": 18,
      "yearEndBalances": 1,
      "accounts": 2
    },
    "financialSummary": {
      "accountCount": 2,
      "accountBalances": {
        "bank-001": {
          "name": "Scotiabank",
          "balance": 8621173
        },
        "cash-001": {
          "name": "Petty Cash",
          "balance": 0
        }
      },
      "totalBalance": 8621173,
      "transactionCount": 27,
      "transactionTotal": 21552139
    },
    "dataIntegrity": {
      "duesWithReferences": 17,
      "totalDuesPayments": 17
    },
    "users": [],
    "discoveredCollections": [
      "categories",
      "config",
      "importMetadata",
      "paymentMethods",
      "transactions",
      "units",
      "vendors",
      "yearEndBalances"
    ],
    "configuration": {
      "fiscalYearStartMonth": 7,
      "currency": "MXN",
      "timezone": "America/Cancun"
    },
    "totalDocuments": 194
  },
  "export": {
    "timestamp": "2025-08-06T23:37:38.827Z",
    "documentCount": 249,
    "subcollectionCounts": {
      "categories": 22,
      "config": 2,
      "importMetadata": 94,
      "paymentMethods": 7,
      "transactions": 27,
      "units": 10,
      "units/101/dues": 1,
      "units/102/dues": 1,
      "units/103/dues": 1,
      "units/104/dues": 1,
      "units/105/dues": 1,
      "units/106/dues": 1,
      "units/201/dues": 1,
      "units/202/dues": 1,
      "units/203/dues": 1,
      "units/204/dues": 1,
      "vendors": 18,
      "yearEndBalances": 1,
      "auditLogs": 57
    },
    "userCount": 0,
    "auditLogCount": 57,
    "discoveredCollections": [
      "categories",
      "config",
      "importMetadata",
      "paymentMethods",
      "transactions",
      "units",
      "vendors",
      "yearEndBalances"
    ],
    "nestedCollections": [
      "units/101/dues",
      "units/102/dues",
      "units/103/dues",
      "units/104/dues",
      "units/105/dues",
      "units/106/dues",
      "units/201/dues",
      "units/202/dues",
      "units/203/dues",
      "units/204/dues"
    ]
  },
  "prodBackup": {
    "timestamp": "2025-08-06T23:38:46.748Z",
    "exists": false,
    "documentCount": 0,
    "userCount": 0
  },
  "import": {
    "timestamp": "2025-08-06T23:38:54.891Z",
    "documentCount": 192,
    "userCount": 0
  },
  "target": {
    "environment": "prod",
    "analyzed": "2025-08-06T23:38:55.018Z",
    "clientExists": true,
    "documentCounts": {
      "units": 10,
      "vendors": 18,
      "categories": 22,
      "paymentMethods": 7,
      "users": 0,
      "yearEndBalances": 1,
      "auditLogs": 0,
      "importMetadata": 94,
      "transactions": 27,
      "config": 2,
      "accounts": 2,
      "dues": 10
    },
    "financialSummary": {
      "accountCount": 2,
      "accountBalances": {
        "bank-001": {
          "name": "Scotiabank",
          "balance": 8621173
        },
        "cash-001": {
          "name": "Petty Cash",
          "balance": 0
        }
      },
      "totalBalance": 8621173,
      "transactionCount": 27,
      "transactionTotal": 21552139
    },
    "dataIntegrity": {
      "duesWithReferences": 17,
      "totalDuesPayments": 17
    },
    "users": [],
    "configuration": {
      "fiscalYearStartMonth": 7,
      "currency": "MXN",
      "timezone": "America/Cancun"
    },
    "totalDocuments": 194
  }
}