{
  "client": "AVII",
  "migrationId": "AVII-2025-08-06-23-37-33-275",
  "source": "dev",
  "target": "prod",
  "started": "2025-08-06T23:37:33.276Z",
  "completed": null,
  "status": "failed",
  "phases": {
    "verify": {
      "status": "failed",
      "timestamp": "2025-08-06T23:38:57.874Z",
      "success": false,
      "issueCount": 2
    }
  },
  "files": {
    "metadata": "metadata.json",
    "devExport": "dev-export.json",
    "prodBackup": "prod-backup.json",
    "userMapping": "user-mapping.json",
    "checksums": "checksums.json",
    "verificationReport": "verification-report.txt",
    "migrationLog": "migration.log"
  },
  "notes": []
}